﻿Designator,Footprint,Quantity,Value,LCSC Part #
BZ60,KLJ-1102,1,Buzzer,
"D1, D10, D11, D12, D13, D14, D15, D16, D17, D18, D19, D2, D20, D21, D22, D23, D24, D25, D26, D27, D28, D29, D3, D30, D31, D32, D33, D34, D35, D36, D37, D38, D39, D4, D40, D41, D42, D43, D44, D45, D46, D47, D48, D5, D6, D60, D61, D62, D63, D64, D65, D66, D67, D7, D8, D9",Diode_SOD-123,56,1N4148W,
"MX1, MX10, MX11, MX12, MX13, MX14, MX15, MX16, MX17, MX18, MX19, MX2, MX20, MX21, MX22, MX23, MX24, MX25, MX26, MX27, MX28, MX29, MX3, MX30, MX31, MX32, MX33, MX34, MX35, MX36, MX37, MX38, MX39, MX4, MX40, MX41, MX42, MX43, MX44, MX45, MX46, MX47, MX48, MX49, MX5, MX50, MX51, MX52, MX53, MX54, MX55, MX56, MX57, MX58, MX59, MX6, MX60, MX61, MX62, MX63, MX64, MX65, MX66, MX67, MX68, MX69, MX7, MX72, MX73, MX74, MX75, MX78, MX79, MX8, MX80, MX81, MX82, MX83, MX9",SW_MX+GLP_1u,79,MX_SW_solder,
U1,RP2040_Zero,1,RP2040_Zero,
